{
  "vocab": [
    "retrieval-augmented",
    "generation",
    "rag",
    "technique",
    "that",
    "uses",
    "external",
    "search",
    "results",
    "augment",
    "the",
    "prompt",
    "generative",
    "model",
    "this",
    "grounds",
    "models",
    "output",
    "real",
    "facts",
    "and",
    "prevents",
    "hallucination",
    "when",
    "building",
    "agentic",
    "workflows",
    "context",
    "protocol",
    "mcp",
    "acts",
    "open",
    "standard",
    "for",
    "developers",
    "build",
    "secure",
    "robust",
    "integrations",
    "between",
    "local",
    "development",
    "environments",
    "chunking",
    "process",
    "breaking",
    "down",
    "large",
    "documents",
    "into",
    "smaller",
    "text",
    "passages",
    "recursive",
    "splits",
    "double",
    "newlines",
    "then",
    "single",
    "spaces",
    "preserve",
    "semantic",
    "units",
    "like",
    "paragraphs",
    "sentences",
    "vector",
    "databases",
    "store",
    "floating-point",
    "representations",
    "user",
    "query",
    "sent",
    "database",
    "performs",
    "cosine",
    "similarity",
    "find",
    "vectors",
    "closest",
    "embedding",
    "returning",
    "them",
    "pratap",
    "das",
    "applied",
    "applications",
    "using",
    "nodejs",
    "focusing",
    "cost-effective",
    "token",
    "usage",
    "retrieval",
    "agent",
    "openai",
    "anthropic",
    "sdks"
  ],
  "idf": {
    "retrieval-augmented": 1.791759469228055,
    "generation": 1.791759469228055,
    "rag": 1.791759469228055,
    "technique": 1.791759469228055,
    "that": 1.791759469228055,
    "uses": 1.791759469228055,
    "external": 1.791759469228055,
    "search": 1.791759469228055,
    "results": 1.791759469228055,
    "augment": 1.791759469228055,
    "the": 0.9808292530117264,
    "prompt": 1.791759469228055,
    "generative": 1.791759469228055,
    "model": 1.252762968495368,
    "this": 1.791759469228055,
    "grounds": 1.791759469228055,
    "models": 1.252762968495368,
    "output": 1.791759469228055,
    "real": 1.791759469228055,
    "facts": 1.791759469228055,
    "and": 0.8109302162163288,
    "prevents": 1.791759469228055,
    "hallucination": 1.791759469228055,
    "when": 1.252762968495368,
    "building": 1.252762968495368,
    "agentic": 1.791759469228055,
    "workflows": 1.252762968495368,
    "context": 1.252762968495368,
    "protocol": 1.791759469228055,
    "mcp": 1.791759469228055,
    "acts": 1.791759469228055,
    "open": 1.791759469228055,
    "standard": 1.791759469228055,
    "for": 1.791759469228055,
    "developers": 1.791759469228055,
    "build": 1.791759469228055,
    "secure": 1.791759469228055,
    "robust": 1.791759469228055,
    "integrations": 1.791759469228055,
    "between": 1.791759469228055,
    "local": 1.791759469228055,
    "development": 1.791759469228055,
    "environments": 1.791759469228055,
    "chunking": 1.791759469228055,
    "process": 1.791759469228055,
    "breaking": 1.791759469228055,
    "down": 1.791759469228055,
    "large": 1.791759469228055,
    "documents": 1.791759469228055,
    "into": 1.791759469228055,
    "smaller": 1.791759469228055,
    "text": 1.252762968495368,
    "passages": 1.791759469228055,
    "recursive": 1.791759469228055,
    "splits": 1.791759469228055,
    "double": 1.791759469228055,
    "newlines": 1.791759469228055,
    "then": 1.791759469228055,
    "single": 1.791759469228055,
    "spaces": 1.791759469228055,
    "preserve": 1.791759469228055,
    "semantic": 1.252762968495368,
    "units": 1.791759469228055,
    "like": 1.791759469228055,
    "paragraphs": 1.791759469228055,
    "sentences": 1.791759469228055,
    "vector": 1.791759469228055,
    "databases": 1.791759469228055,
    "store": 1.791759469228055,
    "floating-point": 1.791759469228055,
    "representations": 1.791759469228055,
    "user": 1.791759469228055,
    "query": 1.791759469228055,
    "sent": 1.791759469228055,
    "database": 1.791759469228055,
    "performs": 1.791759469228055,
    "cosine": 1.791759469228055,
    "similarity": 1.791759469228055,
    "find": 1.791759469228055,
    "vectors": 1.791759469228055,
    "closest": 1.791759469228055,
    "embedding": 1.791759469228055,
    "returning": 1.791759469228055,
    "them": 1.791759469228055,
    "pratap": 1.791759469228055,
    "das": 1.791759469228055,
    "applied": 1.791759469228055,
    "applications": 1.791759469228055,
    "using": 1.791759469228055,
    "nodejs": 1.791759469228055,
    "focusing": 1.791759469228055,
    "cost-effective": 1.791759469228055,
    "token": 1.791759469228055,
    "usage": 1.791759469228055,
    "retrieval": 1.791759469228055,
    "agent": 1.791759469228055,
    "openai": 1.791759469228055,
    "anthropic": 1.791759469228055,
    "sdks": 1.791759469228055
  },
  "documents": [
    {
      "id": "rag-definition",
      "content": "Retrieval-Augmented Generation (RAG) is a technique that uses external search results to augment the prompt of a Generative AI model. This grounds the model's output in real facts and prevents hallucination.",
      "source": "rag_basics.txt",
      "vector": [
        0.21626397174259987,
        0.21626397174259987,
        0.21626397174259987,
        0.21626397174259987,
        0.21626397174259987,
        0.21626397174259987,
        0.21626397174259987,
        0.21626397174259987,
        0.21626397174259987,
        0.21626397174259987,
        0.23677065309333098,
        0.21626397174259987,
        0.21626397174259987,
        0.15120751410655678,
        0.21626397174259987,
        0.21626397174259987,
        0.15120751410655678,
        0.21626397174259987,
        0.21626397174259987,
        0.21626397174259987,
        0.0978786451959344,
        0.21626397174259987,
        0.21626397174259987,
        0,
        0,
        0,
        0,
        0,
        0,
        0,
        0,
        0,
        0,
        0,
        0,
        0,
        0,
        0,
        0,
        0,
        0,
        0,
        0,
        0,
        0,
        0,
        0,
        0,
        0,
        0,
        0,
        0,
        0,
        0,
        0,
        0,
        0,
        0,
        0,
        0,
        0,
        0,
        0,
        0,
        0,
        0,
        0,
        0,
        0,
        0,
        0,
        0,
        0,
        0,
        0,
        0,
        0,
        0,
        0,
        0,
        0,
        0,
        0,
        0,
        0,
        0,
        0,
        0,
        0,
        0,
        0,
        0,
        0,
        0,
        0,
        0,
        0,
        0,
        0
      ]
    },
    {
      "id": "mcp-info",
      "content": "When building agentic workflows, Model Context Protocol (MCP) acts as an open standard for developers to build secure, robust integrations between AI models and local development environments.",
      "source": "mcp_intro.md",